data_month,series_id,rate,rate_dutiable,duty_free_share,con_val,cal_dut,dut_val,vintage_date,vintage_note
2026-05,ETRX-CA,0.032283,0.166176,0.805729,34305174460,1107481931,6664502495,2026-10-06,revision
2026-05,ETRX-CN,0.237483,0.289415,0.179438,20651974742,4904492287,16946223639,2026-10-06,revision
2026-05,ETRX-EU,0.084158,0.135036,0.376774,44576298539,3751441569,27781108158,2026-10-06,revision
2026-05,ETRX-IN,0.08568,0.15938,0.462417,8220545881,704338752,4419228300,2026-10-06,revision
2026-05,ETRX-JP,0.118056,0.140473,0.159581,11399433127,1345772680,9580303153,2026-10-06,revision
2026-05,ETRX-KR,0.089344,0.159075,0.438353,12429004917,1110458762,6980713526,2026-10-06,revision
2026-05,ETRX-MX,0.037558,0.205802,0.817503,52625932897,1976535729,9604060901,2026-10-06,revision
2026-05,ETRX-TW,0.023495,0.170275,0.862014,22654323603,532274426,3125972910,2026-10-06,revision
2026-05,ETRX-VN,0.067803,0.172759,0.60753,22163154591,1502720158,8698374673,2026-10-06,revision
2026-06,ETRX-CA,0.030002,0.124892,0.759776,35329762547,1059969722,8487064913,2026-10-06,revision
2026-06,ETRX-CN,0.234713,0.284568,0.175194,21996350211,5162839990,18142722339,2026-10-06,revision
2026-06,ETRX-EU,0.082079,0.132906,0.382425,44861764991,3682218428,27705518393,2026-10-06,revision
2026-06,ETRX-IN,0.092583,0.163318,0.433116,7784137191,720676402,4412706200,2026-10-06,revision
2026-06,ETRX-JP,0.102539,0.134604,0.238215,12235714096,1254638630,9320986187,2026-10-06,revision
2026-06,ETRX-KR,0.076562,0.157206,0.512983,15112660124,1157057953,7360125103,2026-10-06,revision
2026-06,ETRX-MX,0.034982,0.152611,0.770778,53750177338,1880279168,12320743214,2026-10-06,revision
2026-06,ETRX-TW,0.028363,0.161605,0.82449,19195425934,544443120,3368982811,2026-10-06,revision
2026-06,ETRX-VN,0.065463,0.174156,0.624116,24654801584,1613968000,9267351162,2026-10-06,revision
